id,name,active,supports_android,notes,rank,gender,VRCFT,quest,natural,fun,fly,world_drop,seat,want,add_date,seek
avtr_476d1fc5-ec64-4bbd-af74-f72310cbdc33,- Corrina -,True,False,marker,,f,-,,n,n,,,,,2025-08-29,solstace
avtr_24b4bb1f-045f-4163-a434-2cca51f00df9,10th Doctor （DOCTOR-WHO）,True,False,"dr. gun, sonic screwdriver, dog robot",,m,,,,,,,,,2025-08-29,antisocial_011 bw animation
avtr_ac320d1e-d98d-48d9-aa8c-8ffbbcb941d4,22-忘了是什么素体了,True,False,japanese blond guy,,m,,,,,,,,,2025-08-29,Emberlyn no pub
avtr_e0386a00-68a5-4b13-a775-ee63393b0d41,256Hedgehog,True,False,,,,,,,,,,,,2025-09-23,
avtr_0a2a812d-8ba7-469d-89a6-7ed2474f4ad1,aDanza Cat Ginger,True,False,,,,,,,,,,,,2025-09-27,
avtr_af91a449-38ba-4ff0-bacb-62cc6080a7ec,Adorable Pink Selestia （Face Tracking）,True,False,"ft, light",,f,y,,,,,,,,2025-08-29,marq v2
avtr_f08aec9a-38a2-401e-869a-c2f0fe64d80a,Adult Link （Ocarina of Time）,True,False,magic lens,10,m,,,,,,,,,2025-08-29,kuro
avtr_cfe2598e-fb14-412c-a25d-0513ac6130e2,Aito,True,False,fboy,,m,,no,y,pp,,,,,2025-08-29,kinKLI
avtr_0d32ee45-6ea4-46e3-9381-3e0b46b858ce,Albert Wesker RE5,True,False,grown up,,m,,yes,,,,,,,2025-08-29,luci is cute <3
avtr_42cc74ae-108c-41c5-86b1-a77e4bd0d12a,Ali Summer Public VRCFT,True,False,summer stuff,,,Y,,,,,,,,2025-08-29,aria
avtr_318b62b5-10f2-4cd0-ba11-86b16e1245e9,Alice,True,False,"dancer pole, bed",,,,,,,,"bed, pole, cage",,,2025-08-29,try it lol
avtr_53dca881-a328-409c-aa0c-1935afacc3c3,Alice,True,False,chainsaw,,,,,,,,,,,2025-08-29,cuddlebug
avtr_0c7a0f02-1943-4c14-98e2-124ab0d2040c,Amir,True,False,"hud, love ring",,m,,y,,,,,,,2025-09-12,
avtr_2bac8b36-9bf7-438e-b4a2-4190e9acec5e,Angel by Zero,True,False,"stunning, realistic",10,,yes,,y,,,,,,2025-08-31,something special 
avtr_50cd8cc5-c778-4c6a-ac87-3a85b1bc68e6,Angela,False,False,Simple,0,,,,,,,,,,,hanka
avtr_e840cc94-5e29-4f2b-b206-55877542f3bf,Aqua Miko,True,False,,,,,,,,,,,,2025-10-25,
avtr_34429dc7-03ff-49aa-a29c-e1fdd1f2e41c,Aria,True,False,vape,,f,,,,,,,,,2025-08-29,myleidy 
avtr_8f7d7a23-d1b9-4e09-9bfb-4a2e20054769,Aria‚ Day Outfit,True,False,zelda,8,,,,,,,,,,2025-08-29,sry
avtr_a5ce5e1e-91ca-468d-bfab-1ecd1be777b3,ARSENAL SFW,True,False,"simple, night vision",,f,,,,,,,,,2025-09-21,kira
avtr_b49eb486-3f73-4fe1-a031-ba80079f542d,Artistic Mannequin - Mini,True,False,"clones, dolls",,,,,,,,,,,2025-08-29,silver
avtr_cbd7a217-ff6d-42db-b7ad-32dfcab5e1d5,Ash Public,True,False,,,,,,,,,,,,2025-10-12,
avtr_4aa633d5-11d1-4fa5-9b35-5e930d0d19b4,ASHER,True,False,Cleavage,,,,,,,,,,,2025-08-29,
avtr_8624b0e5-c65b-4606-ac54-925e8b7953e5,Astronaut V2,True,False,space shuttle,,m,,,,,,shuttle,,,2025-08-29,
avtr_307caf1b-515b-4069-8264-cd5f3ea2b9bc,Aurora,True,False,bunny ears,7,f,,,y,sps,,,,,2025-09-05,
avtr_3bb06dcb-797e-45fe-bb12-e4cf65907868,Aurora,True,False,"blond, wings",,f,,,y,dps,,,,,2025-09-05,
avtr_78414cc8-982d-4d28-a7f8-a3d23763b1b5,Aurora FT,True,False,Christmas clothes ,,f,,n,y,"sps, pp",,,,,2025-09-05,
avtr_e8632b36-11bb-4301-8e36-732c76c2f003,Axel Womanless,True,False,bunny male,,m,,y,,,,,,,2025-08-29,
avtr_394c6ffb-ab2a-43c2-8622-df8a3d09ad7a,Azul≺3,True,False,basic,,f,,,,,,,,,2025-08-29,
avtr_706facc2-d077-48be-9b9b-6134804d2a10,B4SSF4C3 Scene Queenǃǃ,True,False,Glowsticks,,,,,y,,,,,,2025-08-29,
avtr_a69971b5-7b0b-4ffc-98ce-71feb088eff9,Baby Yoda,True,False,dances,,,,,,,,,,,2025-08-29,
avtr_a7c9eac9-810f-4c33-b2e5-8dd523e2d747,Baby Yoda ［Quest］,True,False,Simple,,,,,,,,,,,2025-08-29,
avtr_e3fd4ac3-512f-4edd-8037-e47d7dadc842,Bee,False,False,Bee v1,9,,,,,,,snow globe,,,,
avtr_a5fcfb30-966e-4832-957e-806f87be523a,Beelzebub,True,False,big hands,,,,,,dps,,,,,2025-08-30,
avtr_cf1284af-6c07-45f7-b901-d6a4d7e48960,beepboop,True,False,"wings, human/furry, transparent body",,,,,y,"sps, dil",,,,,2025-08-29,
avtr_72ed4e23-a56b-4d4e-b897-838e84d370ce,Bella Bear Public - by Mai,True,False,"basic, among us pet",,,,,,,,,,,2025-08-29,
avtr_5fd4a1f7-1979-443a-be08-cfecce151b07,Beloved - Minki,True,False,,,,,,,,,,,,2025-09-26,
avtr_723c6987-4a5b-472b-bfa5-9feb249ce8bc,Bengal Tiger,True,False,attack,,tiger ,,,,,,,,,2025-08-29,
avtr_1c466caa-ca1e-4ed9-88f9-f5595911f27e,Blair,True,False,blonde,,,,,y,sps,,,,,2025-08-29,
avtr_f73b81bf-9764-4046-9704-a8f75c0af46d,Bloody Count,True,False,,,,,,,,,,,,2025-10-25,
avtr_4091a88c-5261-4cad-8b67-d5457081521c,Bonnie,True,False,"cat style, basic",2,,,,,,,,,,2025-08-29,
avtr_6191ade7-c00d-4f91-8218-cce250d2362e,Bri,True,False,belly mouth tongue,,,,,,,,,,,2025-08-29,
avtr_42cec1e0-ef9f-408a-a868-ad1523443e17,BT-7274 Vanguard,True,False,eject players,,,,,,,,,,,2025-09-23,
avtr_9be63d8e-24a0-44d3-bb86-b7840ae7f969,Bubbles By Savyy․,False,False,transparent body,,,,,,,,,,,2025-08-29,
avtr_26cfd857-e56f-4016-a4f7-53983a6feebd,Bubbles PUBLIC,True,False,"transparent body, whale pet",,,,,,,,,,,2025-08-29,
avtr_b4e77439-983f-43c5-b3ba-3ffb21f9ad07,Callista,True,False,mushroom hat; dps; crow,,,,,,,,,,,2025-08-29,
avtr_b4d1cdac-4fc9-4b69-94f9-b2ca4ce6d11e,Candy‚ Demon,True,False,"transparent, gummy bear pet",,,,,,,,,,,2025-08-29,
avtr_7fc01561-f7e1-4bce-ae4f-fbb28ca6c7ba,Carit,True,False,bunny plushie,,,y,,y,sps pcs lms pp,,,,,2025-08-29,
avtr_8e9a7cb7-e202-4166-97ee-6248f21cf52d,Carmilla （SFW）,False,False,,,,,,,,,,,,,
avtr_79c34204-5c05-4c56-82c7-386d4f045f79,Carnival Man - Batman Slap Ride,True,False,ride,,,,,,,,ride,,,2025-08-29,
avtr_ecf2fbdd-c55f-463a-bc7d-5901c82a1bd7,Carnival Man - BIG COASTER,True,False,Rides,,,,,,,,coaster,,,2025-08-29,
avtr_4a2bc830-e5a1-49c0-8364-ac633e878750,Carnival Man - Tower Ride,True,False,ride,,,,,,,,tower,,,2025-08-29,
avtr_505b9586-721c-46b9-9077-9bd8c5f2c8db,Cepha's Rollercoaster,True,False,ride,,,,y,,,,roller coaster,,,2025-08-29,
avtr_ab2c3895-0c06-4765-9cee-4e7fe42541ad,Cherub Bot MP1,True,False,"robot, hud,",5,,,,,,,,,,2025-09-22,
avtr_f6d35603-1e88-449e-860b-a43915643c7e,Chibi Milltina Pink（Emote）,True,False,disconnect effect prank,,,,,,,,,,,2025-09-05,
avtr_3bf67d65-8734-42f9-8ae4-239569e435b7,Chimpress-47,True,False,chimp in dress,,chimp,,,,,,,,,2025-08-29,
avtr_088c9efc-ba65-4af3-b3d0-edd7093661fc,CHIYO BY DADDYSENPAI,True,False,,,,,,,,,,,,2025-10-03,
avtr_4f409f85-5779-414a-9198-9d3d9e0e9803,Clark Kent （Fortnite）,True,False,"hud, effects",,m,,,,,,,,,2025-08-29,
avtr_894bee71-0ec9-4e25-b943-737615d76272,Coffee Angel,True,False,"wings, portal",,f,,,,,,,,,2025-08-29,
avtr_be01b61a-7cce-4a52-81dc-4c7d0bebc2c9,Coke,True,False,vending machine ,,,,n,,,,,,,2025-08-29,
avtr_5d83963f-7ac1-41cb-9de5-80e59e076be8,Couch 2,True,False,seats,,,,y,,,,,3,,2025-08-30,
avtr_32407b48-f8cb-4797-8b3f-266a71781fe0,Crab,True,False,small ,,,,y,,,,,,,2025-08-29,
avtr_b9df9b73-43cb-41dc-85f7-625d07f55724,CrazyRun,True,False,Golfer throw balls,,,,,y,y,,,,,2025-08-29,
avtr_90a912ce-4a6f-4191-9eed-c78bde447490,Crow,True,False,flying crow,,crow,,n,,,y,nest,,,2025-08-29,
avtr_496cbd6e-09b8-4f78-90fa-e8dd36216fc0,Cupid - Public,True,False,transparent body.,,f,,,,,,,,,2025-08-29,
avtr_0527cdf9-b626-4a4e-a3cc-83702d9aa54f,Cupid （SFW）,True,False,golden toga,,m,,,,,,,,,2025-08-29,
avtr_209179c0-a885-49a3-84b4-3dd2a1d56e63,Cutie Aki5 Kohane,False,False,nothing special,0,,,,,,,,,,,
avtr_012eca37-6ba7-4aeb-9c7e-e5d520245d23,Cygnus,True,False,black hole,,,,,,,,,,,2025-08-29,
avtr_3dd0f99e-5ea7-4ba5-b016-ada788585615,Daemo ≺3,True,False,"dae speech, music tail",,,,,,,,,,,2025-08-29,
avtr_d1f51256-ba49-46c2-8b2c-cdc39596eef9,dandellion,True,False,bee,,,,y,,,,globe,,,2025-08-29,
avtr_e5940a9e-8085-474f-88c4-c40fe59c08fe,DeadPool,True,False,,,,,,,,,,,,2025-10-06,
avtr_df58a06b-f8a9-4072-a84a-31c48604dbbc,Debug chi,True,False,"shader debugs, color filters",,,,n,,,,,,,2025-08-29,
avtr_97afaf97-0ab4-4d9b-8aa0-b1871c15d259,Delayne,False,False,Nothing special,0,,,,,,,,,,,
avtr_124f94ff-72c5-4ef3-9d81-834b85b4693e,demi,False,False,like alice,0,,,,y,,,,,,,
avtr_1f1bfddb-b831-4f1d-b1e5-9d70c6b47c34,Destructable Bot,True,False,crazy world distort ,,,,,,,,,,,2025-08-29,
avtr_fd789c99-d0ed-4fec-9d86-b67b151bd784,Domino,True,False,"invisible, marker",,,,,y,,,,,,2025-08-29,
avtr_2882d4fb-ecf9-4a41-8a07-1b7ccef5a3cd,Draco Cupid,False,False,"transparent, world drop",,,,,,,,spaceship,,,2025-08-29,
avtr_b632bad0-1e1a-4642-a513-e3d3239a9099,Draken,True,False,,,,,,,,,,,,2025-09-26,
avtr_009dee7e-a435-4119-96e6-45df6b158414,Dreams‚ Unicorn,True,False,"zelda, parasol",,,,,,,,,,,2025-08-29,
avtr_59d2fdd0-fd56-4587-9a7b-2876d98e7688,DVA Giant,True,False,giant,,,,,,,,,,,2025-08-29,
avtr_7e791e50-1a77-4e72-8a0b-22ea97bd281a,DXMAGED,False,False,"simple, marker",0,m,,,,dps,,,,,,
avtr_01723075-ae15-4091-b9c0-8c700954561a,ELORA,True,False,good outfits,,,,,y,sps,,,,,2025-08-29,
avtr_d93c11dc-cf34-4085-b05a-5e2a30f573d7,Emberlyn Public VRCFT,True,False,nud,,,Y,,,,,,,,2025-08-29,
avtr_8fc58d70-271f-4d17-8fcf-3f1be7c5a049,Emily,True,False,"bunny outfit, clones",,f,,,,,,clone,,,2025-09-20,
avtr_86d67503-6bbb-40fd-b6ac-c1cafd8dc796,Esme （VRCFT）,False,False,simple,0,f,y,,,,,,,,,
avtr_73fc939e-5412-450e-9597-a180a9ca7206,essara PUBLIC by a n t i c s,True,False,Full body,,F,,,,,,,,,2025-08-29,
avtr_dc868882-77af-44fd-a7b7-731a535b7a87,Ethan Spycorp,True,False,Default,10,M,Y,,,,,,,,2025-08-29,
avtr_cbe13f9b-cdb4-4c2a-aa2b-bf7e0bcc3d00,Evolved Samurai （gold）,True,False,light sabre,7,,,,,,,,,,2025-08-29,
avtr_52ae6ee2-a000-4452-85d6-59f2ee4f129b,EZ Elevator Ride,True,False,ride,,,,,,,,,,,2025-08-29,
avtr_f0645dc8-911e-4f40-abc1-93f9347efe3d,fae deer,True,False,furry,,,,,y,sps,,,,,2025-08-29,
avtr_1b32c4a7-67c0-4759-8baa-d41048c10ce6,Fallout 4 Custom Howard Miller,False,False,cowboy,0,,,,,,,,,,,
avtr_8fe585d7-c74c-42e0-a695-8c3ce4c8d1cc,Ferris Wheel - Carnival Man,True,False,ride,,,,n,,,,,,,2025-08-29,
avtr_60e0ae96-72d0-4f4a-8011-9c8da4a9e7cc,Flare,True,False,"shibari ropes, marker",,f,,,y,"sps, pp",,,,,2025-09-13,
avtr_987b7128-1204-405d-b105-e09922efa440,Flora‚ The Flower Princesa （Avatar Preview）,True,False,ft,,f,y,,y,,,,,,2025-08-29,
avtr_ac3b8b8f-c26f-49ba-85f4-a16d552e3512,Fortnite johnny silverhand,True,False,"adult, sword,",,m,y,,,,,,,,2025-08-29,
avtr_b6490df4-0bc7-4f8a-b889-4010fa46d1e5,Fortnite marshall never more,True,False,suit,,m,y,,,,,,,,2025-08-29,
avtr_79e0c8b3-4f3e-43e7-bda9-da1fcc79a833,Foxtaur by Voxian,True,False,seat,,fox,,,,,,,1,,2025-08-29,
avtr_7d8000ef-7716-4ab5-ab87-8ee2fdcb5c98,Freddie,True,False,"cowgirl, fire, clones ",,,,,y,pp,,,,,2025-08-29,
avtr_48895ad5-7fe8-4294-a834-ed2641401ead,Funny,True,False,guy in suit,9,m,,,y,"sps, pp",,,,,2025-08-29,
avtr_72fe8a0a-9019-4924-9574-5693029f0837,Funny Couch,True,False,couch,,,,,,,,,,,2025-08-30,
avtr_43344ec4-bcf5-4803-8b42-66196ebe73f5,Galaxy Davali,True,False,"stars, music, dances, big gun, light",,furry,,,,,y,black holes,,,2025-08-29,
avtr_60acfbac-054c-4600-bc40-141f35cb2b1a,Garbage,True,False,garbage head,,,,,,,,,,,2025-08-29,
avtr_dc48b863-a526-457c-9717-de0c4c3241e7,Gauge,True,False,"Default, revolver",,m,y,n,y,sps,,,,,2025-08-30,
avtr_593c5508-22d4-453c-a541-20169751864c,Ghost,True,False,male avi,9,m,,,y,,,,,,2025-08-29,
avtr_8eb255d4-23bf-4b08-857a-2ee43ae85ab3,Gleep,True,False,alien,,,,,,,,,,,2025-08-29,
avtr_81762ffc-3013-484f-a324-b29f2dbf9a7c,gloop,True,False,"furry bee, light",,furry f,,,,,,,,,2025-08-29,
avtr_25adacf7-18c1-42a1-865e-03defd30d084,God Mage EX,True,False,"human/furry, self fun, pulldown",,f,,,y,"sps, toy, pp",,,,,2025-08-29,
avtr_53a54cb3-c744-4f49-98c1-3c3054c15f8e,GodMagi FT,True,False,,,,,,,,,,,,2025-10-06,
avtr_8ef9d925-319d-4af1-9c7b-f4e7fe5a7deb,GodRevenger EX,True,False,"wings, mech arm, weapons",,,,,y,"sps, toy, pp",,,,,2025-08-29,
avtr_b5de2d28-e303-49c3-89c6-8c53ee030b73,Good Tomato,True,False,tonato can,,,,,,,,,,,2025-08-29,
avtr_6e73d490-1903-4094-a970-460e957b5050,GoopyBoopy,True,False,"Slime follower, transparent body, bones",,f,,,,,,,,,2025-08-29,
avtr_8ce4f21c-f7c6-494b-b46b-dada2930579c,Gray Suit Speakerman Mk2,True,False,plays songs,,m,,y,,,,,,,2025-09-05,
avtr_71f05a11-6bcc-45aa-a8ab-0fc54cada064,Grogu in egg,True,False,baby yoda,,,,,,,,,,,2025-08-29,
avtr_19d7c046-878e-41e3-a4f5-70921e86c596,Guardian of Venus,True,False,angel,,,,,,,,,,,2025-08-29,
avtr_6b3e9056-cd2d-44c4-9269-953348d014a5,G․B,True,False,"transparent body, hammer",,,,,y,dps,,,,,2025-08-29,
avtr_f9314873-ad15-4c9d-b2ed-77afdce9d5af,Harpy Giant Purple,True,False,Giant,,,,,,,,,,,2025-08-29,
avtr_cffdcdc8-d514-4d23-8c9d-c43c9ae765ca,Haruhi v․bus,True,False,,,,,,,,,,,,2025-09-27,
avtr_70b6159e-6151-42b7-b96e-59f8711cf259,Haruhi v․Casual,True,False,,,,,,,,,,,,2025-09-26,
avtr_ff18a9f2-00c4-4842-99cb-f4d38794d221,Hatred F,True,False,"Speech bubble, devil",,,,,y,sps,,,,,2025-08-29,
avtr_c13b120c-6924-4fb8-acb6-9b88bf60900a,Hays 2․0 （pale）,True,False,dog house,,,,y,,,,Dog house,,,2025-08-29,
avtr_0e158bce-664f-439a-a7c7-19ddcf90e92c,Haze,True,False,standard,,,,,,sps,,,,,2025-08-29,
avtr_b4ab0288-b528-46f9-bde3-81b6e657a5a1,Hentai Nikei,False,False,cartoon,0,,,,,,,,,,,
avtr_2ecce6c2-8e27-4d2a-bdff-bbe87a7170f0,Hewwo Kitty,True,False,"simple, kitty plush, invisible ",,,,,,,,,,,2025-08-29,
avtr_85f33fde-00c2-4bd0-946e-6eedf0a8a59f,Hunter-Chopper ［SEATSǃ］,True,False,helicopter seats,,,,,,,y,,4,,2025-08-29,
avtr_8220f6b6-9b7f-4585-ad18-1d8497f18dc5,Hyperionv3,True,False,"muscles, pony tail, dragon follower",,m,,,y,dps,,,,,2025-08-29,
avtr_e47d94c6-6afe-4fbf-b815-61af666bf503,Hypno Mushroom,True,False,"mushroom hat, veil, world drop",,,,y,,,,mushrooms,,,2025-08-29,
avtr_cefb9dff-5b04-4012-99c6-fc6c2b1a0eb3,ictus match,True,False,"furry, wing control puppet",,m furry,,,,,,,,,2025-08-29,
avtr_7120fec2-cb38-44c3-8f17-409de200c4d2,iEx's Thea ［Public］,True,False,"many accessories, telekinesis, dizzy injection",,,,,,,,,,,2025-08-29,
avtr_50256878-2847-4f19-9b68-16c83e9ef755,IK Puppet Dragon,True,False,flying,9,dragon,y,,,,y,,,,2025-08-29,
avtr_08d9d51f-abdb-4664-b34e-703f43e5e041,IRENE,True,False,"shark theme, light",,f,y,y,y,"sps, pcs, lms, pp",,,,,2025-09-21,
avtr_1234d058-793b-4c27-93b4-427603e38d30,Izzy Public - Made by Kiutie,False,False,"simple, flower theme",0,,,,,,,,,,,
avtr_11bb4058-6e10-4814-af86-a4a83bcf3e0c,Jassie ［Good］,True,False,"dash, fly, seats, dance",,,,,,,y,,y,,2025-09-06,
avtr_7fb147cb-b9d9-4a5a-92da-99149354feb8,Jenna,True,False,net dress,,f,,,y,dps,,,,,2025-09-20,
avtr_48abfa85-d432-425b-b0ba-928a4fb77e66,jenna flowers,False,False,lava transparent body,0,,,,y,dps,,,,,,
avtr_9023739b-10ce-4713-85aa-ffe6042b4f9d,Jenna QUEST,False,False,"simple, net dress",0,,,,,,,,,,,
avtr_1226bd0f-a742-4a46-9d01-7a35bfabb227,Kenji v3,True,False,"default,  dragon follower",9,m,n,,n,n,,,,,2025-08-29,
avtr_d8d8ab23-ae55-4e8c-ae19-b8a367ccebde,KERMIT,True,False,,,,,,,,,,,,2025-10-06,
avtr_e4f4a92f-4c6b-4236-9e3a-40bb0b32f07c,Kiga panda,True,False,,,,,,,,,,,,2025-10-03,
avtr_61ce09d6-4e5f-4842-8f63-d552466eb01c,Klaymen,True,False,neverhood,,,,,,,,,,,2025-08-29,
avtr_ff162509-579c-4b5e-939a-2dc881beb990,Knox,True,False,pull clothes,,f,,,y,"sps, pp, dil",,,,,2025-08-29,
avtr_981c94d7-3147-437a-9e61-d8ff9ca4b3a3,Komano GoGoǃ,True,False,angel male,,m,,y,,,,,,,2025-09-12,
avtr_36c597ab-8fe5-45c8-a56b-010ee19b5796,Kross,True,False,flare,9,m,,y,y,pp,,,,,2025-09-11,
avtr_894c39b4-85c9-4ccf-86f6-460be21b6dbc,Krox Edit,True,False,"Crocodile, light",,croc,,,y,"sps, pp, rockit",,light,,,2025-08-29,
avtr_8a1696dd-fc8f-4991-a0e0-5914692e20e5,Lady,True,False,"goth, hearts, transparent body, sword ",,,,,y,"dps, pp",,,,,2025-08-29,
avtr_01a9cf5c-6b47-46d5-ba39-59ee8857c96e,Layla≺3,False,False,,,,,,,,,,,,,
avtr_18b0040b-1615-456b-8740-c8290f5951c6,LEGO DC Super Heroes,True,False,legos,,,,y,,,,,,,2025-08-31,
avtr_33d00624-f400-4e24-8078-7849bbb5e657,Leilin,True,False,"toe control, heartbeat",,,y,,y,sps,,,,,2025-09-11,
avtr_cb183db0-5e2e-4d8c-99b9-561352615b7f,leona （gf edition）,True,False,simple,,,,,y,"sps, pp, ",,,,,2025-08-29,
avtr_21613a48-33fd-4729-86cf-bab498736953,Lil Bunny Girl Avi VRCFT by WatermelonJustice,True,False,"limb holders, cards, magic",8,f,y,,,,,,,,2025-09-05,
avtr_5a95b094-3711-4be4-a93e-26ca85b195d1,Lilith,False,False,,,,,,,,,,,,,
avtr_9892cb02-b573-4ed7-a29f-c1acdc2ba05e,Limo Horse,True,False,horse with seats,,horse,,,,,,,6,,2025-08-29,
avtr_47fc12a0-49f5-4085-83b5-99318b897c0e,Loading ․․․,True,False,"egyptian, light",,f,y,,,,,,,,2025-09-21,
avtr_b103028a-6497-43da-a87b-6422ab5cff38,LU,False,False,"chains, ghost pet, duplicate lumin",,m,,,y,pp,,,,,,
avtr_214d071a-ce2c-4e75-ab5e-064cb17545e5,Lumi Public - by Mai,True,False,cat theme,,,,,,,,cat bed,,,2025-08-29,
avtr_7771b51a-0c2f-4bdd-add2-63c3b0c15bc3,Lumin,True,False,"chains, ghost pet",,m,,,y,pp,,,,,2025-08-29,
avtr_faca2afd-2f8d-4024-b98c-6c37317a7a77,luner le fairy,True,False,,,,,,,,,,,,2025-09-24,
avtr_8931574f-fc3b-4466-b21a-2f8f5849d5e7,Mad Hatter,True,False,simple,,m,,y,,,,,,,2025-08-29,
avtr_8671ffb1-24d5-4146-b386-0965835d0dd8,mallang_lens,True,False,lens,,,,,,,,,,,2025-08-29,
avtr_9b0c22d3-3b95-4a5a-a56e-88bcd9c2d0fb,MANUKA Vampire （ANIMATIONS）,True,False,,,,,,,,,,,,2025-10-25,
avtr_4a778522-36dc-4a04-9f12-51f77c40a667,Manuka Wendigo,True,False,,,,,,,,,,,,2025-10-25,
avtr_a5fb500a-4860-4277-9645-6f5a9fc8206e,Marie SFW ［ BY DUCC ］,False,False,simple,,f,,,,,,,,,,
avtr_15e7d4d2-d697-4fd0-9b24-94f4ec405b03,Marilyn,True,False,stripes,,,y,,y,sps,,,,,2025-09-05,
avtr_ba3bc470-133f-4a34-9e09-af9007dd3030,marilyn personal,False,False,"stripes, no ft",,,,,y,sps,,,,,,
avtr_23898d24-69b7-4abb-82fd-3130f1e15e4e,Marlee,False,False,"monster can, plushie",,,,,,,,,,,,
avtr_516c060c-278d-4493-9b0d-f798a2153514,MARQ V2,False,False,,,,,,,,,,,maybe?,,
avtr_c12fb8c1-f9dd-448f-a633-2b4c5398c992,Martha The Dragoness,True,False,dragon,,,,,,,,,,,2025-08-29,
avtr_62435b57-2fbe-4b62-9b25-f958a34f5625,Maya,True,False,"poi balls, light, clothes",,,,,y,,,,,,2025-08-29,
avtr_b62f71e7-1f31-4f94-adfd-8599d8a02bc6,Meg （ Goth Mommy ）,True,False,"whip, wings",,f,,,y,,,,,,2025-08-29,
avtr_2f4a615b-db4a-49c4-ad64-a9ff8cc48b71,Meru,False,False,simple,,f,,,,,,,,,,
avtr_62cd1727-6c84-4724-b378-d9d129ff8a66,Mia ≺3,False,False,simple,,f,,,,,,,,,,
avtr_d9d2fa8f-90be-4258-9316-8c03538f7568,mickey with a G U N,True,False,mickey,,,,,,,,,,,2025-08-29,
avtr_e25ad3ff-12d9-4c0d-982d-fdfb6cd434c8,Midnight Ahri,True,False,vampire zombie gore,,f,,,,sps,,gore world,,,2025-09-14,
avtr_9a6a135c-4ccc-4d88-bba1-eb9b84454e7e,Mika,True,False,devil wolf,,f,,,y,"sps, pp",,,,,2025-08-29,
avtr_a1607059-6787-4262-8452-fb0bcad81c11,Mimino Spider,True,False,"spider girl, 6 legs",,f,,,,,,,,,2025-08-29,
avtr_af95d01b-ea17-41a2-897c-b2d0d08d6ac6,mister sister fister,True,False,tattoos,,,,,y,y,,,,,2025-08-29,
avtr_b89ced25-2541-440b-a15c-886805a2f437,MTF Epsilon-11 Nine Tail Fox,True,False,"weapons, sticklights, night vision",,,,,,,,,,,2025-08-29,
avtr_580042dd-92a3-469f-b4f1-da7ad2fd3c9d,Mystic Mirror,True,False,mirror,,,,,,,,,,,2025-08-29,
avtr_c951f4bb-0937-4a36-a032-c7a4c7312e85,Nayte,True,False,Flying Tiget/Cat,,Animal,Y,,-,-,Y,-,,,2025-08-29,
avtr_7110a9c2-0da6-41f1-bf56-df8789c65b87,Nefer Vampire,True,False,,,,,,,,,,,,2025-10-25,
avtr_01dca277-0824-4231-a66e-3b62eea41a5b,Neko Ren,True,False,"pastel skirt, laser pointer, kitty follower ",,f,,,y,dps,,,,,2025-09-20,
avtr_f4401fde-e57e-4b5e-8e65-9169fdd74e8d,Nice Tryǃ~ FT Manuka,True,False,"metal pipes, ",,f,y,,,,,,,,2025-08-29,
avtr_af856de4-267a-401a-805a-5b13d8dda4c5,Nio,True,False,"Short dress, realistic, nd",,,,,y,,,,,,2025-08-29,
avtr_b2d88166-fb0b-420f-a1fc-c8ea38a2a1eb,Nisha,True,False,,,,,,,,,,,,2025-11-07,
avtr_58f579ae-220a-4a67-9b91-c98eaf5c4227,Nixie,False,False,shark theme,,f,,y,,,,,,,,
avtr_9021fabd-8eba-4c13-9037-ff94220d0267,Nixie,True,False,,,,,,,,,,,,2025-09-23,
avtr_ba192639-3dc5-45b3-96e3-462c943e0360,Noah vrcft,True,False,Default,,M,Y,y,,-,,-,,,2025-08-29,
avtr_398b70bc-a263-4325-9662-8d892a3f4a3a,Nymari Mermaid Public,True,False,Mermaid,,f,,,,,,sunrise,,,2025-08-29,
avtr_27bb003c-5a6c-4b48-8d2c-175c68ea4ec4,onyx,True,False,"ball throwing, pointer, worm",,m,,,,,,,,,2025-09-20,
avtr_a6b383e0-3b7e-4b8a-9ade-5abceaaf4eae,Onyx,True,False,"devil, knife",,m,,,y,"sps, pp",,,,,2025-08-29,
avtr_b5d27e7a-12d5-4182-95f9-69cc28082434,Onyx,True,False,"horizon, chain",,f,,,y,sps,,,,,2025-09-05,
avtr_9c097b38-ff1b-4c1a-969a-2e32d871c60d,Pandaboy,True,False,nice,,,,,y,sps,,,,,2025-08-30,
avtr_89fc7356-0ff1-46b3-bb69-1fc412625741,patrick,True,False,,,,,,,,,,,,2025-10-06,
avtr_993e7013-7fdb-4d0f-9dff-25fd9ef53498,Pepper Trial Version,True,False,"nice, ft, public",,,y,,,,,,,,2025-08-29,
avtr_fbdb8552-57b0-4091-8d53-4ef1e2a197a7,Phasma Ghost,True,False,transparent ghost,,,,,,,,,,,2025-08-29,
avtr_e90a882d-cbd2-48cd-9840-da1c624cd1b1,Pickle Rick,True,False,simple,,,,,,,,,,,2025-08-29,
avtr_f93de9df-3993-4819-b401-dc43013b2bca,Pigeon,True,False,"flying, poop",,pigeon ,,y,,,y,,,,2025-08-29,
avtr_643bd9e3-c431-4432-b016-0d833e36de56,pixelate,True,False,transparent ,,,,,,,,,,,2025-08-29,
avtr_d0a91466-84f0-4a9f-86a2-0f24572932b9,Pole 2․0,True,False,dance,,,,,,,,,,,2025-08-29,
avtr_8925a3da-cc80-4d66-974e-f0de45a76fd1,Pole 5․0,True,False,dance,,,,,,,,,,,2025-08-29,
avtr_2a3ec096-e9ec-4518-a6b2-731a32f58263,Pool Party Itto,True,False,,,,,,,,,,,,2025-10-07,
avtr_2baf7f8e-ea6f-4ec6-ae42-35d148664cb0,possum goth,True,False,furry,,,,,y,sps,,,,,2025-08-29,
avtr_b8f4f70c-bd98-41cf-9c51-28b9ec4cc79f,PPG,True,False,"full body, lazer eyes",,f,,,,,,,,,2025-09-20,
avtr_e6a9d8cd-d7aa-4eda-8ae1-f03ed5417df4,Pup Claw - VRCFT,True,False,"cow theme, amongus, bubble gun, like counter",,,Y,,,,,,,,2025-08-29,
avtr_1f4bde7f-524b-4a0e-a950-3c9b76a2efc9,Rainy - Booth Gang,True,False,"guns, car, dancers",8,,,,,,,,,,2025-08-29,
avtr_e258ac70-4874-4fa5-8b42-1fbeda8f6241,Raven red,True,False,"dancer, markers",9,,,,y,dps,,,,,2025-08-29,
avtr_4270f6ad-4694-424c-9fd4-02881cc275a7,Realistic Dr․Breen,False,False,just motions,0,,,,,,,,,,,
avtr_15d5f14d-ebc1-4415-8a1e-d11ad12e2bfe,red hood,True,False,pretty,,,,,y,sps,,graves,,,2025-08-29,
avtr_2ecb5a13-becc-4bb4-b1f2-3e47408341ca,remmyyyy,True,False,"simple, mouth mouse",,,,,,,,,,,2025-08-29,
avtr_11e09a0d-0d25-415d-983b-29608ea8dbb3,Repo egirl,True,False,,,,,,,,,,,,2025-10-03,
avtr_3708ce1e-adb5-4c52-8d24-6e54bb23826d,Ria Public - by Mai,True,False,"amongus follower,  simple ",,,,,,,,,,,2025-08-29,
avtr_7016ba1f-529e-4c87-99b8-0815b4451cca,Romeo,False,True,,,,,,,,,,,,,
avtr_303fcea0-fd59-4bd2-a711-dcff17da7e8d,Ronin,False,False,simple,0,m,,,y,pp,,,,,,
avtr_7f380f59-bb0d-465c-8709-388a49d8d486,Rory （Public Version） - rory․starheart․studio,True,False,"asmr, world drops",,,,,,,,cave,,,2025-09-11,
avtr_f0c31540-96eb-404d-b683-77a976c85d39,rose jace,True,False,skateboard,,m,,,,,,,,,2025-08-29,
avtr_76f286fd-ca84-47ba-9c73-3c8264b6d7cd,rosie,True,False,cow style,,,,,,,,,,,2025-08-29,
avtr_3289cd46-75ad-4240-8a12-586a0903291a,Ruby The Vampire Public,False,False,,,,,,,,,,,,,
avtr_a802ac96-216a-49c8-a3de-5194456d5bdf,S E R A P H by Black_Asta,True,False,angel/devil,8,m,,,y,dps,,,,,2025-09-01,
avtr_6a8bc836-a3b9-4572-8def-e58278b96779,Sad,True,False,cowboy hat,,f,,,y,,,,,,2025-09-20,
avtr_61d7761e-47fe-4c3c-815d-606dc8fc6b34,sailos,True,False,"small head, grab shirt",,m,,,y,"sps, lms, pp",,,,,2025-09-21,
avtr_289e184a-f403-4214-bc3a-2c714ccd8963,Sara,True,False,scythe,,f,,,y,"sps, pp",,,,,2025-09-20,
avtr_c1cfa571-eb54-471b-b403-e35e2eadd0c6,Scout AKA Mad Milk Drinker,True,False,,,,,,,,,,,,2025-09-24,
avtr_0a70f151-38cf-453f-95ab-b023b160ef08,SCT_System Tester,True,False,,,,,,,,,,,,2025-09-24,
avtr_a82280b5-7cb0-42fb-9a4d-8f31ea24f610,sepso,True,False,"swords, assassin ",,m,,,y,pp,,,,,2025-09-05,
avtr_495b4223-d9be-4865-b9e5-7fb88c98def2,Sera Public - by Mai,True,False,"angel, amongus follower ",,,,,,,,,,,2025-08-29,
avtr_1227536d-d577-46b6-9db6-329ba84e7676,Shanks,True,False,ak47,,m,,,y,pp,,,,,2025-08-29,
avtr_ab60df7f-9e57-4da0-9ebd-fb174b132001,Sheldon Bazinga,True,False,phrases,,m,,,,,,,,,2025-08-29,
avtr_e6b14a50-baa7-42a8-801f-657c76f0c379,Shinano - Rozuki - 试用版,True,False,"lights, fly dash, gun, birthday cake, map ",,,,,,"erp, dps",dash,birthday cake,,,2025-09-05,
avtr_9268de58-48bb-41b5-b1fb-1b900bce28db,Shopping cart with Seat,True,False,seat,,,,,,,,,1,,2025-08-29,
avtr_cac24839-226b-4a19-84fc-0638f68bfa4a,silly gf,False,False,,,,,,,,,,,,,
avtr_9c6bd093-80b6-4d98-87de-1311fa8c465d,Silly Marisa,True,False,,,,,,,,,,,,2025-09-24,
avtr_c72c9ade-e348-49a7-9c58-dcd9cea0e749,Silver,True,False,"poses, dances",9,m,y,n,y,pp,,,,,2025-09-20,
avtr_38a5b3dd-76fc-4b7c-90ad-07c25df8c063,Skyla Public - Made by Kiutie,True,False,simple,,,,,,,,,,,2025-08-29,
avtr_5246b4dc-2c2d-41f7-8ba9-eb52a1256f8c,Sleepy Dreamie,True,False,full figure,,,,,y,y,,,,,2025-08-29,
avtr_83bcdeae-1b64-4f29-bc42-fc3743d789df,Slimy,True,False,transparent gel,,,,,y,,,,,,2025-08-29,
avtr_8f113a32-7544-4ee4-9cb1-d9235f589fa8,Solaria VRCFT,True,False,"ft, axe",,,Y,,,,,,,,2025-08-29,
avtr_08064c64-f8fe-4d67-8c89-c3520996cf1b,Soleil,True,False,blk gold,,,,,y,"sps, pcs, pp",,,,,2025-08-29,
avtr_9c723d90-96fe-4c72-b215-f46b56230e94,Soren,True,False,"split tongue, ",,f,,y,y,"sps, pcs, pp, dil",,,,,2025-09-20,
avtr_5e34c53c-dd93-479a-a4aa-0c645b3e9b12,Soren By Thunders,False,False,"split tongue, duplicate",,f,,n,y,"sps, pcs, pp, dil",,,,,2025-09-12,
avtr_b6f22f82-c023-4144-9871-ad20f137d46c,Spiderman FFH Suit ［QUEST］,True,False,simple,,,,,,,,,,,2025-08-29,
avtr_92829103-5d00-46b4-b896-4fb29f941644,Split,False,False,,,,,,,,,,,,,
avtr_a5e9e08f-f0a6-4652-aa00-add264fbb674,split,True,False,shuriken,,,,,,,,,,,2025-09-05,
avtr_d3ad605f-cc75-43c4-95f9-20e11e902bcf,Squeaky The Bear,True,False,teddy,,,,,,,,,,,2025-08-29,
avtr_318152e2-b56a-4f38-bdb4-d980678b27db,sry,False,False,,,,,,,,,,,,2025-09-20,
avtr_ca05263f-b010-4eea-bc53-f22a5deb584f,stall lord,True,False,giant,,,,,,,,,,,2025-08-29,
avtr_de820487-063e-45b3-85bb-76b1fbf1c93d,Suit Nikei FT,True,False,"map, light, fly dash, teleport",10,m,y,,,,dash,,1,,2025-08-29,
avtr_a93120ed-ede8-4fda-8fec-6ba0c8744661,summertime mona,True,False,"inflatable pool, water gun",,f,,,,,,water pool,,,2025-09-20,
avtr_80d6ac58-4f41-4b5f-9835-5bd7654d6df7,SweetTarts Novabeast,False,False,"furry, toe control, simple",,furry,,,,,,,,,,
avtr_594363eb-c5a8-4cae-9271-5beb46171e3a,Sweety Mint Kiggy,False,False,"furry, flashlight",2,furry,y,,,,,,,,2025-09-05,
avtr_c5b313cb-4aa4-43b0-b7fc-4d29064cc934,Takamikurayatu crimson,True,False,"devil,  dragon, sword, wings",7,m,,y,,,,,,,2025-08-29,
avtr_28d70384-b381-4bf8-ad50-16563afc5314,Techameleon v3,True,False,hacks,,,,,,,,,3,,2025-08-29,
avtr_fe5810bb-8459-4ec4-9c5a-af5909811a70,TeddyCub RC Plane,True,False,rc plane,,,,,,,,,,,2025-08-29,
avtr_547eabd8-10cc-4407-90ff-cc8757a20890,Teleporter,True,False,teleport,,,,,,,,,,,2025-08-29,
avtr_2ce654ed-0bb2-4ea4-bdb0-c09635b07f47,tessa,True,False,spiders girl,6,f,,n,y,sps,,,,,2025-09-05,
avtr_8b32f0b2-8bf1-4ae2-866a-79c4b6d113e1,The Shorekeeper,True,False,elemental bow,,,,,,,,,,,2025-08-29,
avtr_c948d326-d048-4d7e-bb4d-bb82bab6f97a,Tiger Nardotaur （Face Tracking）,True,False,ft,,tiger,,,,,,,,,2025-08-29,
avtr_ccbff878-d409-48a2-aa38-9bbaf05af0fa,Titan ｜ Invasion,True,False,big robot,,,,,,,,,,,2025-08-29,
avtr_53e3f3c4-302b-4773-a76b-f72f8d0e05c7,Tommy,True,False,"ft avg, candi",5,f,y,,y,sps,,,,,2025-09-16,
avtr_02fd60e4-ef1a-4671-8da0-dfaaea1006ce,Tony Stark （Fortnite）,True,False,"hud, xray",,m,,,,,,,,,2025-08-29,
avtr_a7951de4-b982-4f44-a51f-37305ccf3cf4,Toybox the Plush Dragon,True,False,plush with seat,,dragon,,,,,,,1,,2025-08-29,
avtr_8b8aa630-5a9f-4ac7-b1cf-becc9f238b23,Trebuchet,True,False,throw ppl,,,,,,,,,1,,2025-09-23,
avtr_7c48678c-f5bb-4a5d-b4b2-fa82cb5844f8,Tree,True,False,tree,,,,,,,,,,,2025-08-29,
avtr_6a2e58f6-998e-4837-90d8-da7431e891c1,try it lol you won't be able to find this avatar that fast come on bro §12345§,True,False,need,,,,,,,,,,,2025-08-29,
avtr_e0295ba0-e4db-4fd6-a663-13a1b518af29,Tunnel Vision,True,False,cyber girl,,,,no,y,sps,,,,,2025-08-29,
avtr_4adf05fe-2f67-43f7-8fbd-ae7cf879e9ae,Uchiha,True,False,"snake pet, swords, small head",3,m,,y,y,pp,,,,,2025-08-29,
avtr_2e441c8d-9251-4d64-a948-4e4bf89fc21b,Unpainted Techameleon,True,False,"hacks, light, teleport, fly",,,,,,,,,3,,2025-08-29,
avtr_cc94606b-255e-43c9-9402-60487f0b3439,V By Layla Kitsune V3,True,False,,,,,,,,,,,,2025-10-25,
avtr_2bd8b502-3cb3-4c02-9848-4cec6b2671dd,Valentini,True,False,angel bunny,,,,,y,dps,,,,,2025-08-29,
avtr_9da8f484-eb31-4143-b317-59240d3e735f,Veil,True,False,sword,5,m,,y,y,pp,,,,,2025-09-21,
avtr_564bcc9b-7021-4f84-8e2b-edbdef772c6a,Venus,True,False,poses,,,,,y,dps,,,,,2025-08-29,
avtr_b09bd797-1fa9-4f24-ac6f-6dfeb6fa24cc,Vkei Baddie,True,False,spider dress,,,,,,,,,,,2025-08-30,
avtr_f2be80cd-6363-47b6-ad0b-1aaca1732953,VRCFT Cyber Holo Girl Watermelonjustice Avi,True,False,,,,,,,,,,,,2025-09-24,
avtr_f9f15ffc-5191-41a3-9e1e-c6fa99080669,Warden,False,False,"gun, simple",4,m,,y,y,pp,,,,,2025-08-29,
avtr_46b7ab6c-1ed8-4fd1-87f0-a8ec1bcbd8a5,Winter Shinano （With Face Tracking）,False,False,"light, ft, del",,,y,,,,,,,,,
avtr_071ed1e5-626c-458c-8de4-80b3cc9a5902,WO Harpy Super Giant,True,False,giant,,,,,,,,,,,2025-08-29,
avtr_47f87b8c-4e64-4a24-9e62-4469f3af430f,WORKER DROID,True,False,simple robot,,,,,,,,,,,2025-08-29,
avtr_ad6460f6-95d3-4dd0-9d31-e42b32c368d7,Wormie Wizard,True,False,"magic, card",,,,,,,,,,,2025-08-29,
avtr_f726cf54-8f6f-4ade-9b56-9de48536c4da,Wulf,True,False,cage,,f,,,,,,cage,,,2025-08-29,
avtr_f1075184-fdea-4215-803a-047086430a6e,X,True,False,"stars, simple ",,,,,,,,,,,2025-08-29,
avtr_3fac8810-f24e-41af-9db4-d022e0119622,Yuyax,True,False,"towel, megaphone ",,,y,,y,"pcs, sps",,,,,2025-08-29,
avtr_18c2ddd9-9715-4305-b30b-274fb195fa9b,Zabrina,True,False,wolfish,,,,,y,,,,,,2025-08-29,
avtr_c0617525-9c29-4f56-9406-2e588e177b1c,Zack,True,False,"default, wing puppet",10,m,y,y,,,,,,,2025-09-11,
avtr_81c1df96-10b5-4bd3-be45-9fac9dfa99ec,Zariya,True,False,knife in head,,,y,y,,,,,,,2025-08-29,
avtr_e4e1a023-93b7-466a-80d8-73fe0f5a16cc,zayden,True,False,,,,,,,,,,,,2025-09-25,
avtr_bc619300-b0f3-42de-aafc-47f48ae6c0c9,Zaydenǃ,False,False,Default,10,M,,,,,,,,,2025-08-30,
avtr_4233861e-be03-472a-8f77-55b2fc72a16b,Zena,False,False,"simple, unfav",,f,,,y,,,,,,,
avtr_01943098-506e-4007-a129-9bb3aecef8d7,Ártica's Selestia v4,True,False,"helicopter, many weapons, air strike, zombie",,f,,,,,,,,,2025-08-29,
avtr_30899ff2-f946-49f1-bc28-930a5b44efbd,ǃ c 3D mirror working,True,False,,,,,,,,,,,,2025-10-07,
avtr_70f94e2f-e836-4b68-b7b2-4e10000872f7,ʙᴀᴛᴛʏ - ғᴛ,True,False,"cute, world drops",,f,,,,,,"bean bag, lizard button",,,2025-09-11,
avtr_01a5e0d3-3463-4e3d-ba52-fe2f9b9c448a,˚ irene ǃ ∗ੈ˚,False,True,,,,,,,,,,,,,
avtr_8f3dda93-5000-48d9-be36-4f20cd82ab60,༒Blair༒,True,False,large bunny ears,8,f,,y,y,sps,,,,,2025-09-05,
avtr_0880a230-feed-4485-bd6e-ba7d88117b5c,ᴀɴɴᴇ,True,False,,,,,,,,,,,,2025-09-30,
avtr_276ff635-0dea-4a83-b974-69fc2ded66d0,アルクェイド・ブリュンスタッド,True,False,"castle world drop, many powers",,f,,,,,,castle world,,,2025-08-29,
avtr_229c2fb6-c2fc-4bbe-8307-6351dcf19eeb,オクタミリア完成,True,False,,,,,,,,,,,,2025-09-23,
avtr_de813d76-5dd4-482a-80b3-9a55ff4de640,コーヒーカップver․1․0,True,False,rotating cups ride,,,,,,,,,3,,2025-09-12,
avtr_1fd00093-3161-46a3-9683-95e39a9c42a6,チセ -chise-,False,False,simple,,,,,,,,,,,,
avtr_e8141514-8596-4bbe-ae63-01eb02b1176b,寻欢Romeo,True,False,,,,,,,,,,,,2025-09-23,
avtr_393de129-0251-4d80-8900-5ebc990f3f6a,斑霞-Hanka-3P-Sample,True,False,,,,,,,,,,,,2025-10-04,
avtr_75bd9281-4ab8-43f6-9f7b-fc723a118e16,紫苑aster 试用版,True,False,big,,,,,,,,,,,2025-08-29,
avtr_f579f2df-a282-43dd-ac5f-3235df055a11,観覧車ver․1․0,True,False,small ferris wheel ride,,,,,,,,,3,,2025-09-12,
avtr_f195258b-4bfa-4d8c-88b7-30f9f6d1b264,（≻ w ≺）,True,False,,,,,,,,,,,,2025-09-24,
avtr_0ae42e03-5e03-442a-b5f3-20ebe9a42d28,［Belle Public By Xutza］,True,False,ft,,,yes,,,,,,,,2025-08-29,
avtr_8b2c2a24-7f9e-4e82-9651-1dd39d3d77e9,［public］鸢尾-Naroris Iris（ERO）,True,False,pull ribbon,,,,,y,y,,,,,2025-08-31,
